"(32, 54)",1
"(31, 6)",1
"(53, 53)",1
"(57, 50)",1
"(40, 22)",1
"(21, 28)",0
"(4, 36)",0
"(43, 3)",1
"(7, 25)",0
"(46, 12)",0
"(29, 44)",0
"(33, 41)",1
"(16, 47)",1
"(36, 34)",1
"(58, 19)",1
"(41, 57)",1
"(44, 34)",1
"(9, 0)",0
"(48, 37)",1
"(12, 59)",1
"(34, 8)",0
"(15, 30)",1
"(37, 13)",1
"(24, 14)",1
"(49, 58)",1
"(13, 20)",0
"(52, 17)",1
"(0, 55)",1
"(20, 58)",1
"(3, 2)",1
"(25, 49)",1
"(28, 10)",1
"(50, 27)",0
"(31, 15)",1
"(1, 40)",0
"(57, 59)",1
"(40, 29)",1
"(21, 37)",1
"(4, 35)",1
"(8, 38)",1
"(7, 22)",1
"(46, 23)",1
"(29, 37)",1
"(33, 34)",1
"(16, 38)",1
"(36, 41)",1
"(58, 26)",0
"(41, 34)",1
"(22, 12)",0
"(44, 25)",0
"(9, 9)",1
"(12, 50)",1
"(34, 3)",1
"(17, 57)",1
"(37, 54)",1
"(59, 9)",1
"(24, 21)",1
"(45, 54)",1
"(49, 51)",1
"(13, 13)",1
"(52, 24)",0
"(0, 14)",1
"(38, 31)",1
"(3, 11)",1
"(25, 58)",1
"(28, 1)",1
"(50, 18)",1
"(53, 7)",1
"(1, 33)",1
"(40, 4)",0
"(21, 46)",1
"(4, 42)",1
"(8, 45)",1
"(7, 15)",1
"(46, 30)",1
"(33, 59)",1
"(16, 29)",1
"(54, 46)",1
"(58, 37)",1
"(41, 43)",1
"(22, 7)",1
"(5, 53)",1
"(44, 16)",0
"(9, 50)",1
"(47, 5)",1
"(12, 41)",1
"(34, 26)",1
"(17, 50)",1
"(59, 14)",1
"(24, 28)",0
"(45, 47)",1
"(10, 19)",1
"(49, 52)",0
"(13, 6)",1
"(0, 5)",1
"(38, 22)",1
"(25, 3)",1
"(28, 24)",0
"(50, 13)",1
"(53, 0)",0
"(1, 58)",1
"(40, 11)",1
"(21, 55)",1
"(4, 17)",1
"(26, 34)",1
"(7, 4)",0
"(46, 33)",1
"(29, 55)",1
"(16, 20)",0
"(54, 33)",1
"(19, 1)",1
"(58, 44)",0
"(41, 44)",0
"(22, 30)",1
"(44, 15)",1
"(9, 59)",1
"(47, 2)",1
"(12, 32)",0
"(34, 21)",1
"(17, 43)",1
"(37, 56)",0
"(59, 7)",1
"(42, 53)",1
"(45, 40)",0
"(10, 26)",0
"(49, 45)",1
"(0, 28)",0
"(38, 9)",1
"(25, 4)",0
"(28, 23)",1
"(50, 4)",0
"(14, 38)",1
"(53, 9)",1
"(1, 51)",1
"(21, 48)",0
"(4, 24)",0
"(26, 45)",1
"(46, 40)",0
"(29, 48)",0
"(33, 53)",1
"(16, 11)",1
"(54, 56)",0
"(19, 6)",1
"(58, 55)",1
"(41, 21)",1
"(22, 17)",1
"(5, 39)",1
"(44, 6)",1
"(47, 11)",1
"(30, 49)",1
"(34, 44)",0
"(17, 44)",0
"(56, 1)",1
"(37, 33)",1
"(59, 28)",0
"(45, 33)",1
"(10, 5)",1
"(49, 38)",1
"(13, 56)",0
"(35, 23)",1
"(0, 19)",1
"(38, 0)",0
"(25, 13)",1
"(14, 41)",1
"(53, 18)",1
"(1, 52)",0
"(21, 57)",1
"(4, 7)",1
"(26, 52)",0
"(46, 51)",1
"(29, 9)",1
"(51, 36)",0
"(16, 2)",1
"(54, 51)",1
"(19, 15)",1
"(2, 45)",1
"(41, 30)",1
"(22, 40)",0
"(5, 32)",0
"(9, 37)",1
"(47, 16)",0
"(30, 56)",0
"(34, 39)",1
"(17, 37)",1
"(56, 8)",0
"(37, 42)",1
"(59, 21)",1
"(42, 39)",1
"(23, 11)",1
"(45, 26)",0
"(10, 12)",0
"(13, 49)",1
"(35, 28)",0
"(38, 59)",1
"(25, 22)",1
"(50, 54)",1
"(14, 48)",0
"(53, 27)",1
"(1, 13)",1
"(39, 24)",0
"(4, 14)",1
"(46, 58)",1
"(29, 2)",1
"(51, 45)",1
"(54, 10)",1
"(19, 20)",0
"(2, 36)",0
"(58, 57)",1
"(41, 7)",1
"(22, 35)",1
"(5, 41)",1
"(9, 46)",1
"(47, 25)",0
"(30, 35)",1
"(17, 30)",1
"(56, 15)",1
"(55, 41)",1
"(59, 42)",1
"(42, 46)",1
"(23, 0)",0
"(6, 56)",0
"(45, 19)",1
"(10, 55)",1
"(32, 8)",0
"(13, 42)",1
"(35, 5)",1
"(18, 55)",1
"(38, 50)",1
"(25, 31)",1
"(11, 28)",0
"(50, 49)",1
"(14, 59)",1
"(1, 6)",1
"(39, 17)",1
"(26, 6)",1
"(29, 27)",0
"(51, 50)",1
"(54, 13)",1
"(19, 29)",1
"(41, 8)",0
"(22, 58)",1
"(5, 18)",1
"(27, 45)",1
"(47, 38)",1
"(30, 42)",1
"(34, 57)",1
"(17, 23)",1
"(56, 22)",1
"(55, 38)",1
"(20, 4)",0
"(59, 35)",1
"(42, 41)",1
"(23, 25)",1
"(6, 51)",1
"(45, 12)",0
"(32, 15)",1
"(13, 35)",1
"(35, 10)",1
"(18, 46)",1
"(38, 53)",1
"(43, 58)",1
"(11, 21)",1
"(50, 40)",0
"(14, 2)",1
"(1, 31)",1
"(39, 14)",1
"(26, 1)",1
"(48, 30)",1
"(29, 20)",0
"(51, 59)",1
"(15, 33)",1
"(54, 4)",0
"(19, 34)",1
"(2, 54)",1
"(5, 27)",0
"(27, 34)",1
"(47, 47)",1
"(30, 45)",1
"(34, 48)",0
"(17, 8)",0
"(56, 29)",1
"(20, 3)",1
"(59, 56)",0
"(42, 16)",0
"(23, 22)",1
"(6, 42)",1
"(45, 5)",1
"(10, 57)",1
"(32, 6)",1
"(31, 54)",1
"(35, 51)",1
"(18, 41)",1
"(57, 2)",1
"(38, 44)",0
"(43, 51)",1
"(11, 10)",1
"(50, 35)",1
"(14, 5)",1
"(36, 18)",1
"(1, 16)",0
"(39, 7)",1
"(26, 8)",0
"(48, 21)",1
"(51, 0)",0
"(15, 46)",1
"(54, 31)",1
"(19, 43)",1
"(2, 49)",1
"(22, 52)",0
"(5, 4)",0
"(27, 59)",1
"(47, 52)",0
"(30, 20)",0
"(52, 33)",1
"(17, 1)",1
"(56, 36)",0
"(55, 52)",0
"(20, 10)",1
"(3, 50)",1
"(59, 49)",1
"(42, 27)",0
"(23, 47)",1
"(6, 45)",1
"(10, 32)",0
"(32, 29)",1
"(35, 56)",0
"(18, 32)",0
"(57, 11)",1
"(38, 39)",1
"(43, 40)",0
"(8, 22)",1
"(11, 3)",1
"(14, 12)",0
"(36, 25)",0
"(26, 19)",1
"(48, 12)",0
"(51, 9)",1
"(15, 55)",1
"(54, 22)",1
"(19, 48)",0
"(2, 8)",0
"(24, 37)",1
"(5, 13)",1
"(27, 48)",0
"(30, 31)",1
"(52, 40)",0
"(56, 43)",1
"(55, 13)",1
"(20, 17)",1
"(3, 59)",1
"(59, 54)",1
"(42, 2)",1
"(23, 36)",0
"(6, 36)",0
"(10, 43)",1
"(32, 20)",0
"(31, 36)",0
"(35, 33)",1
"(18, 27)",1
"(57, 12)",0
"(40, 52)",0
"(43, 33)",1
"(8, 29)",1
"(11, 56)",0
"(33, 11)",1
"(14, 23)",1
"(36, 0)",0
"(39, 53)",1
"(26, 26)",0
"(48, 3)",1
"(12, 25)",0
"(51, 14)",1
"(19, 57)",1
"(2, 3)",1
"(24, 44)",0
"(27, 9)",1
"(47, 58)",1
"(30, 6)",1
"(52, 55)",1
"(56, 50)",1
"(55, 10)",1
"(20, 24)",0
"(3, 32)",0
"(42, 13)",1
"(6, 31)",1
"(28, 40)",0
"(32, 43)",1
"(31, 45)",1
"(35, 38)",1
"(18, 18)",1
"(57, 21)",1
"(40, 59)",1
"(21, 7)",1
"(43, 38)",1
"(8, 4)",0
"(7, 52)",0
"(11, 49)",1
"(33, 12)",0
"(14, 30)",1
"(36, 15)",1
"(39, 50)",1
"(48, 58)",1
"(12, 16)",0
"(51, 23)",1
"(15, 5)",1
"(2, 26)",1
"(24, 51)",1
"(27, 14)",1
"(49, 29)",1
"(30, 9)",1
"(0, 44)",0
"(56, 57)",1
"(55, 3)",1
"(20, 39)",1
"(3, 41)",1
"(23, 58)",1
"(6, 22)",1
"(28, 39)",1
"(32, 34)",1
"(31, 42)",1
"(35, 47)",1
"(18, 13)",1
"(57, 30)",1
"(40, 34)",1
"(21, 0)",0
"(43, 31)",1
"(8, 11)",1
"(7, 45)",1
"(11, 54)",1
"(33, 5)",1
"(16, 59)",1
"(36, 54)",1
"(58, 7)",1
"(39, 43)",1
"(44, 54)",1
"(48, 49)",1
"(12, 15)",1
"(51, 28)",0
"(15, 2)",1
"(37, 17)",1
"(2, 21)",1
"(24, 58)",1
"(27, 7)",1
"(49, 22)",1
"(52, 5)",1
"(0, 35)",1
"(55, 24)",0
"(20, 46)",1
"(3, 46)",1
"(23, 51)",1
"(6, 9)",1
"(32, 57)",1
"(31, 19)",1
"(53, 34)",1
"(18, 4)",0
"(57, 39)",1
"(40, 41)",1
"(21, 9)",1
"(4, 55)",1
"(43, 20)",0
"(8, 50)",1
"(7, 42)",1
"(46, 3)",1
"(11, 47)",1
"(33, 30)",1
"(16, 50)",1
"(58, 14)",1
"(39, 32)",0
"(44, 45)",1
"(9, 21)",1
"(48, 40)",0
"(12, 6)",1
"(15, 11)",1
"(37, 26)",1
"(24, 1)",1
"(27, 28)",0
"(49, 15)",1
"(52, 12)",0
"(0, 58)",1
"(55, 17)",1
"(20, 53)",1
"(3, 23)",1
"(25, 38)",1
"(6, 0)",0
"(28, 53)",1
"(32, 48)",0
"(31, 24)",0
"(53, 43)",1
"(57, 40)",0
"(40, 16)",0
"(21, 18)",1
"(43, 13)",1
"(8, 57)",1
"(7, 35)",1
"(46, 10)",1
"(11, 36)",0
"(33, 23)",1
"(16, 41)",1
"(36, 36)",0
"(58, 9)",1
"(41, 55)",1
"(44, 36)",0
"(9, 30)",1
"(48, 47)",1
"(34, 14)",1
"(15, 16)",0
"(37, 3)",1
"(24, 8)",0
"(27, 21)",1
"(49, 0)",0
"(13, 26)",0
"(52, 11)",1
"(0, 49)",1
"(3, 28)",0
"(25, 47)",1
"(28, 12)",0
"(32, 55)",1
"(31, 1)",1
"(53, 52)",0
"(57, 49)",1
"(40, 23)",1
"(21, 27)",0
"(4, 37)",1
"(43, 2)",1
"(8, 32)",0
"(7, 24)",0
"(46, 13)",1
"(29, 43)",1
"(33, 40)",0
"(16, 32)",0
"(36, 35)",1
"(58, 16)",0
"(41, 56)",0
"(22, 10)",1
"(44, 35)",1
"(9, 7)",1
"(48, 38)",1
"(12, 52)",0
"(34, 9)",1
"(15, 25)",0
"(37, 12)",0
"(24, 15)",1
"(49, 57)",1
"(13, 19)",1
"(52, 18)",1
"(0, 8)",0
"(20, 59)",1
"(3, 5)",1
"(25, 48)",0
"(28, 11)",1
"(50, 24)",0
"(31, 14)",1
"(1, 47)",1
"(57, 58)",1
"(40, 30)",1
"(21, 36)",0
"(4, 44)",0
"(8, 39)",1
"(7, 17)",1
"(46, 20)",0
"(29, 36)",0
"(33, 33)",1
"(16, 39)",1
"(36, 42)",1
"(58, 27)",1
"(41, 33)",1
"(22, 13)",1
"(44, 26)",1
"(9, 8)",0
"(12, 51)",1
"(34, 0)",0
"(17, 56)",0
"(37, 53)",1
"(59, 8)",0
"(24, 22)",1
"(45, 53)",1
"(49, 50)",1
"(13, 12)",0
"(52, 25)",0
"(0, 15)",1
"(38, 28)",0
"(3, 10)",1
"(25, 57)",1
"(28, 2)",1
"(50, 19)",1
"(53, 6)",1
"(1, 32)",0
"(40, 5)",1
"(21, 45)",1
"(4, 43)",1
"(8, 46)",1
"(7, 14)",1
"(46, 31)",1
"(33, 58)",1
"(16, 30)",1
"(54, 47)",1
"(58, 34)",1
"(41, 42)",1
"(22, 4)",0
"(5, 52)",0
"(44, 17)",1
"(9, 49)",1
"(47, 4)",0
"(12, 42)",1
"(34, 27)",0
"(17, 49)",1
"(59, 1)",1
"(24, 29)",1
"(45, 46)",1
"(10, 16)",0
"(49, 43)",1
"(13, 5)",1
"(0, 6)",1
"(38, 23)",1
"(25, 2)",1
"(28, 25)",1
"(50, 10)",1
"(53, 15)",1
"(1, 57)",1
"(40, 12)",0
"(21, 54)",1
"(4, 18)",1
"(26, 35)",1
"(7, 7)",1
"(46, 38)",1
"(29, 54)",1
"(33, 51)",1
"(16, 21)",1
"(54, 38)",1
"(19, 0)",0
"(58, 45)",1
"(41, 19)",1
"(22, 31)",1
"(44, 8)",0
"(9, 58)",1
"(47, 13)",1
"(12, 33)",1
"(34, 18)",1
"(17, 42)",1
"(37, 39)",1
"(59, 6)",1
"(42, 50)",1
"(45, 39)",1
"(10, 27)",0
"(49, 44)",0
"(35, 17)",1
"(0, 29)",1
"(38, 14)",1
"(25, 11)",1
"(28, 16)",0
"(50, 5)",1
"(14, 39)",1
"(53, 8)",0
"(1, 50)",1
"(4, 25)",1
"(26, 42)",1
"(46, 41)",1
"(29, 15)",1
"(33, 52)",0
"(16, 12)",0
"(54, 57)",1
"(19, 9)",1
"(58, 52)",0
"(41, 20)",0
"(22, 22)",1
"(5, 38)",1
"(44, 7)",1
"(9, 35)",1
"(47, 10)",1
"(30, 54)",1
"(34, 45)",1
"(17, 35)",1
"(56, 2)",1
"(37, 32)",0
"(59, 31)",1
"(23, 13)",1
"(45, 32)",0
"(10, 2)",1
"(49, 37)",1
"(13, 55)",1
"(35, 22)",1
"(0, 20)",0
"(38, 1)",1
"(25, 12)",0
"(14, 46)",1
"(53, 17)",1
"(1, 11)",1
"(21, 56)",0
"(4, 0)",0
"(26, 53)",1
"(46, 48)",0
"(29, 8)",0
"(51, 39)",1
"(16, 3)",1
"(54, 48)",0
"(19, 14)",1
"(2, 42)",1
"(41, 29)",1
"(22, 41)",1
"(5, 47)",1
"(9, 36)",0
"(47, 19)",1
"(30, 57)",1
"(34, 36)",0
"(17, 36)",0
"(56, 9)",1
"(37, 41)",1
"(59, 20)",0
"(42, 36)",0
"(23, 10)",1
"(45, 25)",0
"(10, 13)",1
"(13, 48)",0
"(35, 31)",1
"(38, 56)",0
"(25, 21)",1
"(50, 55)",1
"(14, 49)",1
"(53, 26)",0
"(1, 12)",0
"(39, 27)",0
"(4, 15)",1
"(46, 59)",1
"(29, 1)",1
"(51, 44)",0
"(54, 11)",1
"(19, 23)",1
"(2, 37)",1
"(41, 6)",1
"(22, 32)",0
"(5, 40)",0
"(9, 45)",1
"(47, 24)",0
"(30, 32)",0
"(17, 29)",1
"(56, 16)",0
"(55, 40)",0
"(59, 45)",1
"(42, 47)",1
"(23, 3)",1
"(6, 57)",1
"(45, 18)",1
"(10, 52)",0
"(32, 9)",1
"(13, 41)",1
"(35, 4)",0
"(18, 52)",0
"(38, 51)",1
"(25, 30)",1
"(11, 31)",1
"(50, 46)",1
"(14, 56)",0
"(1, 5)",1
"(39, 16)",0
"(26, 7)",1
"(48, 24)",0
"(29, 26)",1
"(51, 53)",1
"(54, 2)",1
"(19, 28)",0
"(41, 15)",1
"(22, 59)",1
"(5, 17)",1
"(27, 44)",0
"(47, 33)",1
"(30, 43)",1
"(34, 54)",1
"(17, 22)",1
"(56, 23)",1
"(55, 33)",1
"(20, 5)",1
"(59, 34)",1
"(42, 22)",1
"(23, 24)",0
"(6, 48)",0
"(45, 11)",1
"(32, 0)",0
"(13, 34)",1
"(35, 13)",1
"(18, 47)",1
"(38, 42)",1
"(11, 20)",0
"(50, 41)",1
"(14, 3)",1
"(36, 20)",0
"(1, 30)",1
"(39, 9)",1
"(26, 14)",1
"(48, 31)",1
"(29, 19)",1
"(51, 58)",1
"(15, 32)",0
"(54, 5)",1
"(19, 37)",1
"(2, 55)",1
"(22, 50)",1
"(5, 26)",0
"(27, 37)",1
"(47, 46)",1
"(30, 18)",1
"(34, 49)",1
"(17, 15)",1
"(56, 30)",1
"(20, 12)",0
"(59, 59)",1
"(42, 17)",1
"(23, 17)",1
"(6, 43)",1
"(45, 4)",0
"(10, 38)",1
"(32, 7)",1
"(31, 49)",1
"(35, 50)",1
"(18, 38)",1
"(57, 1)",1
"(38, 45)",1
"(43, 50)",1
"(8, 16)",0
"(11, 13)",1
"(50, 32)",0
"(14, 10)",1
"(36, 19)",1
"(1, 23)",1
"(39, 6)",1
"(26, 9)",1
"(48, 22)",1
"(51, 3)",1
"(15, 41)",1
"(54, 28)",0
"(19, 42)",1
"(2, 14)",1
"(22, 53)",1
"(5, 3)",1
"(27, 58)",1
"(47, 55)",1
"(30, 21)",1
"(52, 34)",1
"(17, 0)",0
"(56, 37)",1
"(55, 55)",1
"(20, 11)",1
"(3, 53)",1
"(59, 48)",0
"(42, 24)",0
"(23, 46)",1
"(6, 34)",1
"(10, 33)",1
"(32, 30)",1
"(35, 59)",1
"(18, 33)",1
"(57, 10)",1
"(38, 36)",0
"(43, 43)",1
"(8, 23)",1
"(11, 2)",1
"(14, 13)",1
"(36, 26)",0
"(26, 16)",0
"(48, 13)",1
"(51, 8)",0
"(15, 54)",1
"(54, 23)",1
"(19, 51)",1
"(2, 9)",1
"(24, 38)",1
"(5, 12)",0
"(27, 51)",1
"(30, 28)",0
"(52, 41)",1
"(56, 44)",0
"(55, 12)",0
"(20, 18)",1
"(3, 58)",1
"(42, 3)",1
"(23, 39)",1
"(6, 37)",1
"(10, 40)",0
"(32, 21)",1
"(31, 39)",1
"(35, 32)",0
"(18, 24)",0
"(57, 19)",1
"(40, 53)",1
"(43, 32)",0
"(8, 30)",1
"(11, 59)",1
"(33, 10)",1
"(14, 20)",0
"(36, 1)",1
"(39, 52)",0
"(26, 27)",0
"(48, 4)",0
"(12, 26)",1
"(51, 17)",1
"(19, 56)",0
"(2, 0)",0
"(24, 45)",1
"(27, 8)",0
"(49, 27)",0
"(30, 7)",1
"(52, 48)",0
"(56, 51)",1
"(55, 5)",1
"(20, 25)",0
"(3, 35)",1
"(42, 10)",1
"(6, 28)",0
"(28, 41)",1
"(32, 44)",0
"(31, 44)",0
"(35, 41)",1
"(18, 19)",1
"(57, 20)",0
"(21, 6)",1
"(43, 25)",1
"(8, 5)",1
"(7, 55)",1
"(11, 48)",0
"(33, 3)",1
"(14, 31)",1
"(36, 8)",0
"(39, 45)",1
"(44, 56)",0
"(48, 59)",1
"(12, 17)",1
"(51, 22)",1
"(15, 4)",0
"(37, 23)",1
"(2, 27)",0
"(24, 52)",0
"(27, 1)",1
"(49, 28)",0
"(30, 14)",1
"(0, 45)",1
"(56, 58)",1
"(55, 2)",1
"(20, 32)",0
"(3, 40)",0
"(23, 53)",1
"(6, 23)",1
"(28, 32)",0
"(32, 35)",1
"(31, 21)",1
"(35, 46)",1
"(18, 10)",1
"(57, 29)",1
"(40, 35)",1
"(21, 15)",1
"(43, 30)",1
"(8, 12)",0
"(7, 44)",0
"(11, 41)",1
"(33, 4)",0
"(36, 55)",1
"(58, 4)",0
"(39, 42)",1
"(44, 55)",1
"(9, 19)",1
"(48, 50)",1
"(12, 8)",0
"(51, 31)",1
"(15, 13)",1
"(37, 16)",0
"(2, 18)",1
"(24, 59)",1
"(27, 6)",1
"(49, 21)",1
"(52, 6)",1
"(0, 36)",0
"(55, 27)",0
"(20, 47)",1
"(3, 17)",1
"(23, 50)",1
"(6, 14)",1
"(32, 58)",1
"(31, 18)",1
"(53, 33)",1
"(18, 5)",1
"(57, 38)",1
"(40, 42)",1
"(21, 8)",0
"(4, 48)",0
"(43, 23)",1
"(8, 51)",1
"(7, 37)",1
"(46, 0)",0
"(11, 46)",1
"(33, 29)",1
"(16, 51)",1
"(58, 15)",1
"(39, 35)",1
"(44, 46)",1
"(9, 20)",0
"(48, 41)",1
"(12, 7)",1
"(15, 10)",1
"(37, 25)",0
"(24, 2)",1
"(27, 31)",1
"(49, 14)",1
"(52, 13)",1
"(0, 59)",1
"(55, 16)",0
"(20, 54)",1
"(3, 22)",1
"(25, 37)",1
"(6, 1)",1
"(28, 54)",1
"(32, 49)",1
"(31, 27)",0
"(53, 42)",1
"(57, 47)",1
"(40, 17)",1
"(21, 17)",1
"(43, 12)",0
"(8, 58)",1
"(7, 34)",1
"(46, 11)",1
"(11, 39)",1
"(33, 22)",1
"(16, 42)",1
"(36, 37)",1
"(58, 22)",1
"(41, 54)",1
"(44, 37)",1
"(9, 29)",1
"(48, 32)",0
"(34, 15)",1
"(15, 19)",1
"(37, 2)",1
"(24, 9)",1
"(27, 20)",0
"(49, 7)",1
"(13, 25)",1
"(52, 20)",0
"(0, 50)",1
"(3, 31)",1
"(25, 46)",1
"(28, 13)",1
"(50, 30)",1
"(31, 0)",0
"(53, 51)",1
"(57, 48)",0
"(40, 24)",0
"(21, 26)",0
"(4, 38)",1
"(43, 5)",1
"(8, 33)",1
"(7, 27)",0
"(46, 18)",1
"(29, 42)",1
"(33, 47)",1
"(16, 33)",1
"(36, 44)",0
"(58, 17)",1
"(22, 11)",1
"(44, 28)",0
"(9, 6)",1
"(48, 39)",1
"(12, 53)",1
"(34, 6)",1
"(15, 24)",0
"(37, 11)",1
"(24, 16)",0
"(45, 59)",1
"(49, 56)",0
"(13, 18)",1
"(52, 19)",1
"(0, 9)",1
"(38, 26)",0
"(3, 4)",0
"(25, 55)",1
"(28, 4)",0
"(50, 25)",0
"(31, 9)",1
"(1, 46)",1
"(57, 57)",1
"(40, 31)",1
"(21, 35)",1
"(4, 45)",1
"(8, 40)",0
"(7, 16)",0
"(46, 21)",1
"(29, 35)",1
"(33, 32)",0
"(16, 24)",0
"(36, 43)",1
"(58, 24)",0
"(41, 32)",0
"(22, 2)",1
"(44, 27)",0
"(9, 15)",1
"(12, 44)",0
"(34, 1)",1
"(37, 52)",0
"(59, 11)",1
"(24, 23)",1
"(45, 52)",0
"(10, 22)",1
"(49, 49)",1
"(13, 11)",1
"(52, 26)",1
"(0, 0)",0
"(38, 29)",1
"(3, 13)",1
"(25, 56)",0
"(28, 3)",1
"(50, 16)",0
"(53, 5)",1
"(1, 39)",1
"(40, 6)",1
"(21, 44)",0
"(4, 20)",0
"(8, 47)",1
"(7, 9)",1
"(46, 28)",0
"(33, 57)",1
"(16, 31)",1
"(54, 44)",0
"(58, 35)",1
"(41, 41)",1
"(22, 5)",1
"(5, 51)",1
"(44, 18)",1
"(9, 48)",0
"(47, 7)",1
"(12, 43)",1
"(34, 24)",0
"(17, 48)",0
"(59, 0)",0
"(24, 30)",1
"(45, 45)",1
"(10, 17)",1
"(49, 42)",1
"(13, 4)",0
"(0, 7)",1
"(38, 20)",0
"(25, 1)",1
"(28, 26)",0
"(50, 11)",1
"(53, 14)",1
"(1, 56)",0
"(40, 13)",1
"(21, 53)",1
"(4, 19)",1
"(26, 32)",0
"(7, 6)",1
"(46, 39)",1
"(29, 53)",1
"(33, 50)",1
"(16, 22)",1
"(54, 39)",1
"(19, 3)",1
"(58, 42)",1
"(41, 18)",1
"(22, 28)",0
"(44, 9)",1
"(9, 57)",1
"(47, 12)",0
"(12, 34)",1
"(34, 19)",1
"(17, 41)",1
"(37, 38)",1
"(59, 25)",0
"(42, 51)",1
"(45, 38)",1
"(10, 24)",0
"(49, 35)",1
"(35, 16)",0
"(0, 30)",1
"(38, 15)",1
"(25, 10)",1
"(28, 17)",1
"(50, 2)",1
"(14, 36)",0
"(53, 23)",1
"(1, 49)",1
"(4, 26)",0
"(26, 43)",1
"(46, 46)",1
"(29, 14)",1
"(51, 33)",1
"(16, 13)",1
"(19, 8)",0
"(58, 53)",1
"(41, 27)",0
"(22, 23)",1
"(5, 37)",1
"(44, 0)",0
"(9, 34)",1
"(47, 21)",1
"(30, 55)",1
"(34, 42)",1
"(17, 34)",1
"(56, 3)",1
"(37, 47)",1
"(59, 30)",1
"(42, 58)",1
"(23, 12)",0
"(45, 31)",1
"(10, 3)",1
"(49, 36)",0
"(13, 54)",1
"(35, 25)",0
"(0, 21)",1
"(38, 6)",1
"(25, 19)",1
"(14, 47)",1
"(53, 16)",0
"(1, 10)",1
"(39, 29)",1
"(4, 1)",1
"(26, 50)",1
"(46, 49)",1
"(29, 7)",1
"(51, 38)",1
"(16, 4)",0
"(54, 49)",1
"(19, 17)",1
"(2, 43)",1
"(41, 28)",0
"(22, 46)",1
"(5, 46)",1
"(9, 43)",1
"(47, 18)",1
"(34, 37)",1
"(17, 27)",0
"(56, 10)",1
"(37, 40)",0
"(59, 23)",1
"(42, 37)",1
"(23, 5)",1
"(45, 24)",0
"(10, 10)",1
"(13, 47)",1
"(35, 30)",1
"(18, 58)",1
"(38, 57)",1
"(25, 20)",0
"(11, 25)",0
"(50, 52)",0
"(14, 54)",1
"(53, 25)",1
"(1, 3)",1
"(39, 26)",1
"(4, 8)",0
"(46, 56)",0
"(29, 0)",0
"(51, 47)",1
"(54, 8)",0
"(19, 22)",1
"(2, 34)",1
"(41, 5)",1
"(22, 33)",1
"(5, 23)",1
"(9, 44)",0
"(47, 27)",0
"(30, 33)",1
"(17, 28)",0
"(56, 17)",1
"(55, 43)",1
"(59, 44)",0
"(42, 44)",0
"(23, 2)",1
"(45, 17)",1
"(10, 53)",1
"(32, 10)",1
"(13, 40)",0
"(35, 7)",1
"(18, 53)",1
"(38, 48)",0
"(25, 29)",1
"(11, 30)",1
"(50, 47)",1
"(14, 57)",1
"(1, 4)",0
"(39, 19)",1
"(26, 4)",0
"(48, 25)",1
"(29, 25)",0
"(51, 52)",0
"(54, 3)",1
"(19, 31)",1
"(41, 14)",1
"(22, 56)",0
"(5, 16)",0
"(27, 47)",1
"(47, 32)",0
"(30, 40)",0
"(34, 55)",1
"(17, 21)",1
"(56, 24)",0
"(55, 32)",0
"(20, 6)",1
"(59, 37)",1
"(42, 23)",1
"(23, 27)",1
"(6, 49)",1
"(45, 10)",1
"(32, 1)",1
"(13, 33)",1
"(35, 12)",0
"(18, 44)",0
"(38, 43)",1
"(11, 23)",1
"(50, 38)",1
"(14, 0)",0
"(36, 21)",1
"(1, 29)",1
"(39, 8)",0
"(26, 15)",1
"(48, 16)",0
"(29, 18)",1
"(15, 35)",1
"(54, 26)",1
"(19, 36)",0
"(2, 52)",0
"(22, 51)",1
"(5, 25)",0
"(27, 36)",0
"(47, 41)",1
"(30, 19)",1
"(52, 36)",0
"(17, 14)",1
"(56, 31)",1
"(55, 57)",1
"(20, 13)",1
"(59, 58)",1
"(42, 30)",1
"(23, 16)",0
"(6, 40)",0
"(45, 3)",1
"(10, 39)",1
"(32, 24)",0
"(31, 48)",0
"(35, 53)",1
"(18, 39)",1
"(57, 0)",0
"(38, 34)",1
"(43, 53)",1
"(8, 17)",1
"(11, 12)",0
"(50, 33)",1
"(14, 11)",1
"(36, 28)",0
"(1, 22)",1
"(39, 1)",1
"(26, 22)",1
"(48, 23)",1
"(51, 2)",1
"(15, 40)",0
"(54, 29)",1
"(19, 45)",1
"(2, 15)",1
"(24, 32)",0
"(5, 2)",1
"(47, 54)",1
"(30, 26)",0
"(52, 35)",1
"(17, 7)",1
"(56, 38)",1
"(55, 54)",1
"(20, 20)",0
"(3, 52)",0
"(59, 51)",1
"(42, 25)",0
"(23, 41)",1
"(6, 35)",1
"(10, 46)",1
"(32, 31)",1
"(31, 57)",1
"(35, 58)",1
"(18, 30)",1
"(57, 9)",1
"(38, 37)",1
"(43, 42)",1
"(8, 24)",0
"(11, 5)",1
"(14, 18)",1
"(36, 27)",0
"(26, 17)",1
"(48, 14)",1
"(12, 28)",0
"(51, 11)",1
"(15, 49)",1
"(54, 20)",0
"(19, 50)",1
"(2, 6)",1
"(24, 39)",1
"(5, 11)",1
"(27, 50)",1
"(30, 29)",1
"(52, 42)",1
"(56, 45)",1
"(55, 15)",1
"(20, 19)",1
"(42, 0)",0
"(23, 38)",1
"(6, 26)",0
"(10, 41)",1
"(32, 22)",1
"(31, 38)",1
"(35, 35)",1
"(18, 25)",1
"(57, 18)",1
"(40, 54)",1
"(43, 35)",1
"(8, 31)",1
"(7, 57)",1
"(11, 58)",1
"(33, 9)",1
"(14, 21)",1
"(36, 2)",1
"(39, 55)",1
"(26, 24)",0
"(48, 5)",1
"(12, 27)",0
"(51, 16)",0
"(19, 59)",1
"(2, 1)",1
"(24, 46)",1
"(27, 11)",1
"(49, 26)",1
"(30, 4)",0
"(52, 49)",1
"(56, 52)",0
"(55, 4)",0
"(20, 26)",0
"(3, 34)",1
"(42, 11)",1
"(6, 29)",1
"(28, 42)",1
"(32, 45)",1
"(31, 47)",1
"(35, 40)",0
"(18, 16)",0
"(57, 27)",0
"(21, 5)",1
"(43, 24)",0
"(8, 6)",1
"(7, 54)",1
"(11, 51)",1
"(33, 2)",1
"(14, 28)",0
"(36, 9)",1
"(39, 44)",0
"(44, 57)",1
"(12, 18)",1
"(51, 25)",0
"(15, 7)",1
"(37, 22)",1
"(2, 24)",0
"(24, 53)",1
"(27, 0)",0
"(49, 19)",1
"(30, 15)",1
"(52, 56)",0
"(0, 46)",1
"(56, 59)",1
"(55, 29)",1
"(20, 33)",1
"(3, 43)",1
"(23, 52)",0
"(6, 20)",0
"(28, 33)",1
"(32, 36)",0
"(31, 20)",0
"(53, 39)",1
"(18, 11)",1
"(57, 28)",0
"(40, 36)",0
"(21, 14)",1
"(43, 17)",1
"(8, 13)",1
"(7, 47)",1
"(11, 40)",0
"(33, 27)",1
"(36, 48)",0
"(58, 5)",1
"(39, 37)",1
"(44, 48)",0
"(9, 18)",1
"(48, 51)",1
"(12, 9)",1
"(51, 30)",1
"(15, 12)",0
"(37, 31)",1
"(2, 19)",1
"(27, 25)",0
"(49, 20)",0
"(52, 7)",1
"(0, 37)",1
"(55, 26)",0
"(20, 40)",0
"(3, 16)",0
"(25, 35)",1
"(6, 15)",1
"(28, 56)",0
"(32, 59)",1
"(31, 29)",1
"(53, 32)",0
"(18, 2)",1
"(57, 37)",1
"(40, 43)",1
"(21, 23)",1
"(4, 49)",1
"(43, 22)",1
"(8, 52)",0
"(7, 36)",0
"(46, 1)",1
"(11, 33)",1
"(33, 28)",0
"(16, 52)",0
"(58, 12)",0
"(39, 34)",1
"(44, 47)",1
"(9, 27)",0
"(48, 42)",1
"(12, 0)",0
"(15, 21)",1
"(37, 24)",0
"(24, 3)",1
"(27, 30)",1
"(49, 13)",1
"(13, 31)",1
"(52, 14)",1
"(55, 19)",1
"(20, 55)",1
"(3, 25)",0
"(25, 36)",0
"(6, 6)",1
"(28, 55)",1
"(32, 50)",1
"(31, 26)",0
"(53, 41)",1
"(57, 46)",1
"(40, 18)",1
"(21, 16)",0
"(4, 56)",0
"(43, 15)",1
"(8, 59)",1
"(7, 29)",1
"(46, 8)",0
"(11, 38)",1
"(33, 21)",1
"(16, 43)",1
"(36, 38)",1
"(58, 23)",1
"(41, 53)",1
"(44, 38)",1
"(9, 28)",0
"(48, 33)",1
"(34, 12)",0
"(15, 18)",1
"(37, 1)",1
"(24, 10)",1
"(27, 23)",1
"(49, 6)",1
"(13, 24)",0
"(52, 21)",1
"(0, 51)",1
"(3, 30)",1
"(25, 45)",1
"(28, 14)",1
"(50, 31)",1
"(31, 3)",1
"(53, 50)",1
"(57, 55)",1
"(40, 25)",0
"(21, 25)",0
"(4, 39)",1
"(43, 4)",0
"(8, 34)",1
"(7, 26)",1
"(46, 19)",1
"(29, 41)",1
"(33, 46)",1
"(16, 34)",1
"(36, 45)",1
"(58, 30)",1
"(22, 8)",0
"(44, 29)",1
"(9, 5)",1
"(12, 54)",1
"(34, 7)",1
"(15, 27)",0
"(37, 10)",1
"(24, 17)",1
"(45, 58)",1
"(13, 17)",1
"(52, 28)",0
"(0, 10)",1
"(38, 27)",1
"(3, 7)",1
"(25, 54)",1
"(28, 5)",1
"(50, 22)",1
"(31, 8)",0
"(53, 59)",1
"(1, 45)",1
"(57, 56)",0
"(40, 0)",0
"(21, 34)",1
"(4, 46)",1
"(8, 41)",1
"(7, 19)",1
"(46, 26)",0
"(29, 34)",1
"(33, 39)",1
"(16, 25)",0
"(54, 42)",1
"(58, 25)",1
"(41, 39)",1
"(22, 3)",1
"(44, 20)",0
"(9, 14)",1
"(12, 45)",1
"(34, 30)",1
"(37, 51)",1
"(59, 10)",1
"(24, 24)",0
"(45, 51)",1
"(10, 23)",1
"(49, 48)",0
"(13, 10)",1
"(52, 27)",0
"(0, 1)",1
"(38, 18)",1
"(3, 12)",0
"(28, 28)",0
"(50, 17)",1
"(53, 4)",0
"(1, 38)",1
"(40, 7)",1
"(21, 43)",1
"(4, 21)",1
"(26, 38)",1
"(7, 8)",0
"(46, 29)",1
"(29, 59)",1
"(33, 56)",0
"(16, 16)",0
"(54, 45)",1
"(58, 32)",0
"(41, 40)",0
"(22, 26)",1
"(5, 50)",1
"(44, 19)",1
"(9, 55)",1
"(47, 6)",1
"(12, 36)",0
"(34, 25)",0
"(17, 55)",1
"(59, 3)",1
"(24, 31)",1
"(45, 44)",0
"(10, 30)",1
"(49, 41)",1
"(13, 3)",1
"(0, 24)",0
"(38, 21)",1
"(25, 0)",0
"(28, 27)",1
"(50, 8)",0
"(14, 34)",1
"(53, 13)",1
"(40, 14)",1
"(21, 52)",0
"(4, 28)",0
"(26, 33)",1
"(7, 1)",1
"(46, 36)",0
"(29, 52)",0
"(33, 49)",1
"(16, 23)",1
"(54, 36)",0
"(19, 2)",1
"(58, 43)",1
"(41, 17)",1
"(22, 29)",1
"(5, 59)",1
"(44, 10)",1
"(9, 56)",0
"(47, 15)",1
"(12, 35)",1
"(34, 16)",0
"(17, 40)",0
"(37, 37)",1
"(59, 24)",0
"(42, 48)",0
"(45, 37)",1
"(10, 25)",0
"(49, 34)",1
"(35, 19)",1
"(0, 31)",1
"(38, 12)",0
"(25, 9)",1
"(28, 18)",1
"(50, 3)",1
"(14, 37)",1
"(53, 22)",1
"(1, 48)",0
"(4, 27)",0
"(26, 40)",0
"(46, 47)",1
"(29, 13)",1
"(51, 32)",0
"(16, 14)",1
"(19, 11)",1
"(58, 50)",1
"(41, 26)",0
"(22, 20)",0
"(5, 36)",0
"(44, 1)",1
"(9, 33)",1
"(47, 20)",0
"(30, 52)",0
"(34, 43)",1
"(17, 33)",1
"(56, 4)",0
"(37, 46)",1
"(59, 17)",1
"(42, 59)",1
"(23, 15)",1
"(45, 30)",1
"(10, 0)",0
"(13, 53)",1
"(35, 24)",0
"(0, 22)",1
"(38, 7)",1
"(25, 18)",1
"(50, 58)",1
"(14, 44)",0
"(53, 31)",1
"(1, 9)",1
"(39, 28)",0
"(4, 2)",1
"(26, 51)",1
"(46, 54)",1
"(29, 6)",1
"(51, 41)",1
"(16, 5)",1
"(54, 54)",1
"(19, 16)",0
"(2, 40)",0
"(41, 3)",1
"(22, 47)",1
"(5, 45)",1
"(9, 42)",1
"(47, 29)",1
"(34, 34)",1
"(17, 26)",1
"(56, 11)",1
"(55, 45)",1
"(59, 22)",1
"(42, 34)",1
"(23, 4)",0
"(45, 23)",1
"(10, 11)",1
"(13, 46)",1
"(35, 1)",1
"(18, 59)",1
"(25, 27)",0
"(11, 24)",0
"(50, 53)",1
"(14, 55)",1
"(53, 24)",0
"(1, 2)",1
"(39, 21)",1
"(4, 9)",1
"(26, 58)",1
"(46, 57)",1
"(29, 31)",1
"(51, 46)",1
"(54, 9)",1
"(19, 25)",0
"(2, 35)",1
"(41, 4)",0
"(22, 38)",1
"(5, 22)",1
"(27, 41)",1
"(47, 26)",1
"(30, 38)",1
"(17, 19)",1
"(56, 18)",1
"(55, 42)",1
"(59, 47)",1
"(42, 45)",1
"(23, 29)",1
"(45, 16)",0
"(10, 50)",1
"(32, 11)",1
"(13, 39)",1
"(35, 6)",1
"(18, 50)",1
"(38, 49)",1
"(25, 28)",0
"(11, 17)",1
"(50, 44)",0
"(1, 27)",0
"(39, 18)",1
"(26, 5)",1
"(48, 26)",0
"(29, 24)",0
"(51, 55)",1
"(15, 37)",1
"(54, 0)",0
"(19, 30)",1
"(2, 58)",1
"(41, 13)",1
"(22, 57)",1
"(5, 31)",1
"(27, 46)",1
"(47, 35)",1
"(30, 41)",1
"(34, 52)",0
"(17, 20)",0
"(56, 25)",0
"(55, 35)",1
"(20, 7)",1
"(59, 36)",0
"(42, 20)",0
"(23, 26)",0
"(6, 54)",1
"(45, 9)",1
"(32, 2)",1
"(13, 32)",0
"(35, 15)",1
"(18, 45)",1
"(38, 40)",0
"(11, 22)",1
"(50, 39)",1
"(14, 1)",1
"(36, 22)",1
"(1, 28)",0
"(39, 11)",1
"(26, 12)",0
"(48, 17)",1
"(29, 17)",1
"(15, 34)",1
"(54, 27)",0
"(19, 39)",1
"(2, 53)",1
"(22, 48)",0
"(5, 24)",0
"(27, 39)",1
"(47, 40)",0
"(30, 16)",0
"(52, 37)",1
"(17, 13)",1
"(56, 32)",0
"(55, 56)",0
"(20, 14)",1
"(42, 31)",1
"(23, 19)",1
"(6, 41)",1
"(45, 2)",1
"(10, 36)",0
"(32, 25)",0
"(31, 51)",1
"(35, 52)",0
"(18, 36)",0
"(57, 7)",1
"(38, 35)",1
"(43, 52)",0
"(8, 18)",1
"(11, 15)",1
"(14, 8)",0
"(36, 29)",1
"(1, 21)",1
"(39, 0)",0
"(26, 23)",1
"(48, 8)",0
"(51, 5)",1
"(15, 43)",1
"(54, 18)",1
"(19, 44)",0
"(2, 12)",0
"(24, 33)",1
"(5, 1)",1
"(47, 49)",1
"(30, 27)",0
"(52, 44)",0
"(17, 6)",1
"(56, 39)",1
"(55, 49)",1
"(20, 21)",1
"(3, 55)",1
"(59, 50)",1
"(42, 6)",1
"(23, 40)",0
"(6, 32)",0
"(10, 47)",1
"(32, 16)",0
"(31, 56)",0
"(18, 31)",1
"(57, 8)",0
"(40, 48)",0
"(43, 45)",1
"(8, 25)",1
"(11, 4)",0
"(14, 19)",1
"(36, 4)",0
"(39, 57)",1
"(26, 30)",1
"(48, 15)",1
"(12, 29)",1
"(51, 10)",1
"(15, 48)",0
"(54, 21)",1
"(19, 53)",1
"(2, 7)",1
"(24, 40)",0
"(5, 10)",1
"(27, 53)",1
"(30, 2)",1
"(52, 43)",1
"(56, 46)",1
"(55, 14)",1
"(20, 28)",0
"(42, 1)",1
"(23, 33)",1
"(6, 27)",0
"(28, 44)",0
"(32, 23)",1
"(31, 33)",1
"(35, 34)",1
"(18, 22)",1
"(57, 17)",1
"(40, 55)",1
"(43, 34)",1
"(8, 0)",0
"(7, 56)",0
"(33, 8)",0
"(14, 26)",1
"(36, 3)",1
"(39, 54)",1
"(26, 25)",0
"(48, 6)",1
"(12, 20)",0
"(51, 19)",1
"(15, 57)",1
"(19, 58)",1
"(2, 30)",1
"(24, 47)",1
"(27, 10)",1
"(49, 25)",0
"(30, 5)",1
"(52, 50)",1
"(0, 40)",0
"(56, 53)",1
"(55, 7)",1
"(20, 27)",0
"(3, 37)",1
"(42, 8)",0
"(6, 18)",1
"(28, 43)",1
"(32, 46)",1
"(31, 46)",1
"(35, 43)",1
"(18, 17)",1
"(57, 26)",1
"(21, 4)",0
"(43, 27)",1
"(8, 7)",1
"(7, 49)",1
"(11, 50)",1
"(33, 1)",1
"(14, 29)",1
"(36, 10)",1
"(39, 47)",1
"(44, 58)",1
"(12, 19)",1
"(51, 24)",0
"(15, 6)",1
"(37, 21)",1
"(2, 25)",1
"(24, 54)",1
"(27, 3)",1
"(49, 18)",1
"(30, 12)",0
"(52, 57)",1
"(0, 47)",1
"(55, 28)",0
"(20, 34)",1
"(3, 42)",1
"(23, 55)",1
"(6, 21)",1
"(28, 34)",1
"(32, 37)",1
"(31, 23)",1
"(53, 38)",1
"(18, 8)",0
"(57, 35)",1
"(40, 37)",1
"(21, 13)",1
"(43, 16)",0
"(8, 14)",1
"(7, 46)",1
"(11, 43)",1
"(33, 26)",0
"(36, 49)",1
"(58, 2)",1
"(39, 36)",0
"(44, 49)",1
"(9, 17)",1
"(48, 52)",0
"(12, 10)",1
"(15, 15)",1
"(37, 30)",1
"(2, 16)",0
"(27, 24)",0
"(49, 11)",1
"(52, 0)",0
"(0, 38)",1
"(55, 21)",1
"(20, 41)",1
"(3, 19)",1
"(25, 34)",1
"(6, 12)",0
"(28, 57)",1
"(31, 28)",0
"(53, 47)",1
"(18, 3)",1
"(57, 36)",0
"(40, 44)",0
"(21, 22)",1
"(4, 50)",1
"(43, 9)",1
"(8, 53)",1
"(7, 39)",1
"(46, 6)",1
"(11, 32)",0
"(33, 19)",1
"(16, 53)",1
"(36, 56)",0
"(58, 13)",1
"(41, 51)",1
"(44, 40)",0
"(9, 26)",1
"(48, 43)",1
"(12, 1)",1
"(15, 20)",0
"(37, 7)",1
"(24, 4)",0
"(27, 17)",1
"(49, 12)",0
"(13, 30)",1
"(52, 15)",1
"(55, 18)",1
"(20, 48)",0
"(3, 24)",0
"(25, 43)",1
"(6, 7)",1
"(28, 48)",0
"(32, 51)",1
"(31, 5)",1
"(53, 40)",0
"(57, 45)",1
"(40, 19)",1
"(21, 31)",1
"(4, 57)",1
"(43, 14)",1
"(7, 28)",0
"(46, 9)",1
"(29, 47)",1
"(33, 20)",0
"(16, 44)",0
"(36, 39)",1
"(58, 20)",0
"(41, 52)",0
"(44, 39)",1
"(9, 3)",1
"(48, 34)",1
"(12, 56)",0
"(34, 13)",1
"(15, 29)",1
"(37, 0)",0
"(24, 11)",1
"(27, 22)",1
"(49, 5)",1
"(13, 23)",1
"(52, 22)",1
"(0, 52)",0
"(3, 1)",1
"(25, 44)",0
"(28, 15)",1
"(50, 28)",0
"(31, 2)",1
"(53, 49)",1
"(1, 43)",1
"(57, 54)",1
"(40, 26)",0
"(21, 24)",0
"(4, 32)",0
"(43, 7)",1
"(8, 35)",1
"(7, 21)",1
"(46, 16)",0
"(29, 40)",0
"(33, 45)",1
"(16, 35)",1
"(36, 46)",1
"(58, 31)",1
"(22, 9)",1
"(44, 30)",1
"(9, 4)",0
"(12, 55)",1
"(34, 4)",0
"(15, 26)",0
"(37, 9)",1
"(24, 18)",1
"(45, 57)",1
"(13, 16)",0
"(52, 29)",1
"(0, 11)",1
"(38, 24)",0
"(3, 6)",1
"(25, 53)",1
"(28, 6)",1
"(50, 23)",1
"(31, 11)",1
"(53, 58)",1
"(1, 44)",0
"(40, 1)",1
"(21, 33)",1
"(4, 47)",1
"(8, 42)",1
"(7, 18)",1
"(46, 27)",0
"(29, 33)",1
"(33, 38)",1
"(16, 26)",0
"(54, 43)",1
"(58, 38)",1
"(41, 38)",1
"(22, 0)",0
"(44, 21)",1
"(9, 13)",1
"(12, 46)",1
"(34, 31)",1
"(37, 50)",1
"(59, 13)",1
"(24, 25)",0
"(45, 50)",1
"(10, 20)",0
"(49, 55)",1
"(13, 9)",1
"(0, 2)",1
"(38, 19)",1
"(3, 15)",1
"(28, 29)",1
"(50, 14)",1
"(53, 3)",1
"(1, 37)",1
"(40, 8)",0
"(21, 42)",1
"(4, 22)",1
"(26, 39)",1
"(7, 11)",1
"(46, 34)",1
"(29, 58)",1
"(16, 17)",1
"(54, 34)",1
"(58, 33)",1
"(41, 47)",1
"(22, 27)",0
"(5, 49)",1
"(44, 12)",0
"(9, 54)",1
"(47, 1)",1
"(12, 37)",1
"(34, 22)",1
"(17, 54)",1
"(37, 59)",1
"(59, 2)",1
"(42, 54)",1
"(45, 43)",1
"(10, 31)",1
"(49, 40)",0
"(13, 2)",1
"(0, 25)",0
"(38, 10)",1
"(25, 7)",1
"(28, 20)",0
"(50, 9)",1
"(14, 35)",1
"(53, 12)",0
"(40, 15)",1
"(21, 51)",1
"(4, 29)",1
"(26, 46)",1
"(7, 0)",0
"(46, 37)",1
"(29, 51)",1
"(33, 48)",0
"(16, 8)",0
"(54, 37)",1
"(19, 5)",1
"(58, 40)",0
"(41, 16)",0
"(22, 18)",1
"(5, 58)",1
"(44, 11)",1
"(47, 14)",1
"(30, 50)",1
"(34, 17)",1
"(17, 47)",1
"(37, 36)",0
"(59, 27)",0
"(42, 49)",1
"(45, 36)",0
"(10, 6)",1
"(49, 33)",1
"(13, 59)",1
"(35, 18)",1
"(0, 16)",0
"(38, 13)",1
"(25, 8)",0
"(28, 19)",1
"(50, 0)",0
"(14, 42)",1
"(53, 21)",1
"(1, 55)",1
"(4, 4)",0
"(26, 41)",1
"(46, 44)",0
"(29, 12)",0
"(51, 35)",1
"(16, 15)",1
"(19, 10)",1
"(2, 46)",1
"(58, 51)",1
"(41, 25)",0
"(22, 21)",1
"(5, 35)",1
"(44, 2)",1
"(9, 32)",0
"(47, 23)",1
"(30, 53)",1
"(34, 40)",0
"(17, 32)",0
"(56, 5)",1
"(37, 45)",1
"(59, 16)",0
"(42, 56)",0
"(23, 14)",1
"(45, 29)",1
"(10, 1)",1
"(13, 52)",0
"(35, 27)",0
"(0, 23)",1
"(38, 4)",0
"(25, 17)",1
"(50, 59)",1
"(14, 45)",1
"(53, 30)",1
"(1, 8)",0
"(39, 31)",1
"(4, 3)",1
"(26, 48)",0
"(46, 55)",1
"(29, 5)",1
"(51, 40)",0
"(16, 6)",1
"(54, 55)",1
"(19, 19)",1
"(2, 41)",1
"(58, 58)",1
"(41, 2)",1
"(22, 44)",0
"(5, 44)",0
"(9, 41)",1
"(47, 28)",0
"(34, 35)",1
"(17, 25)",0
"(56, 12)",0
"(55, 44)",0
"(59, 41)",1
"(42, 35)",1
"(23, 7)",1
"(45, 22)",1
"(10, 8)",0
"(13, 45)",1
"(35, 0)",0
"(18, 56)",0
"(25, 26)",0
"(11, 27)",0
"(50, 50)",1
"(14, 52)",0
"(1, 1)",1
"(39, 20)",0
"(4, 10)",1
"(26, 59)",1
"(29, 30)",1
"(51, 49)",1
"(54, 14)",1
"(19, 24)",0
"(2, 32)",0
"(41, 11)",1
"(22, 39)",1
"(5, 21)",1
"(27, 40)",0
"(47, 37)",1
"(30, 39)",1
"(34, 58)",1
"(17, 18)",1
"(56, 19)",1
"(55, 37)",1
"(59, 46)",1
"(42, 42)",1
"(23, 28)",0
"(45, 15)",1
"(10, 51)",1
"(32, 12)",0
"(13, 38)",1
"(35, 9)",1
"(18, 51)",1
"(38, 54)",1
"(43, 57)",1
"(11, 16)",0
"(50, 45)",1
"(1, 26)",0
"(39, 13)",1
"(26, 2)",1
"(48, 27)",1
"(29, 23)",1
"(51, 54)",1
"(15, 36)",0
"(54, 1)",1
"(19, 33)",1
"(2, 59)",1
"(41, 12)",0
"(5, 30)",1
"(27, 33)",1
"(47, 34)",1
"(30, 46)",1
"(34, 53)",1
"(17, 11)",1
"(56, 26)",0
"(55, 34)",1
"(20, 0)",0
"(59, 39)",1
"(42, 21)",1
"(23, 21)",1
"(6, 55)",1
"(45, 8)",0
"(10, 58)",1
"(32, 3)",1
"(31, 53)",1
"(35, 14)",1
"(18, 42)",1
"(38, 41)",1
"(11, 9)",1
"(50, 36)",0
"(14, 6)",1
"(36, 23)",1
"(1, 19)",1
"(39, 10)",1
"(26, 13)",1
"(48, 18)",1
"(29, 16)",0
"(15, 45)",1
"(54, 24)",0
"(19, 38)",1
"(2, 50)",1
"(22, 49)",1
"(5, 7)",1
"(27, 38)",1
"(47, 43)",1
"(30, 17)",1
"(52, 38)",1
"(17, 12)",0
"(56, 33)",1
"(55, 59)",1
"(20, 15)",1
"(3, 49)",1
"(42, 28)",0
"(23, 18)",1
"(6, 46)",1
"(45, 1)",1
"(10, 37)",1
"(32, 26)",1
"(31, 50)",1
"(35, 55)",1
"(18, 37)",1
"(57, 6)",1
"(38, 32)",0
"(43, 55)",1
"(8, 19)",1
"(11, 14)",1
"(14, 9)",1
"(36, 30)",1
"(1, 20)",0
"(39, 3)",1
"(26, 20)",0
"(48, 9)",1
"(51, 4)",0
"(15, 42)",1
"(54, 19)",1
"(19, 47)",1
"(2, 13)",1
"(24, 34)",1
"(5, 0)",0
"(47, 48)",0
"(30, 24)",0
"(52, 45)",1
"(17, 5)",1
"(56, 40)",0
"(55, 48)",0
"(20, 22)",1
"(3, 54)",1
"(59, 53)",1
"(42, 7)",1
"(23, 43)",1
"(6, 33)",1
"(10, 44)",0
"(32, 17)",1
"(31, 59)",1
"(18, 28)",0
"(57, 15)",1
"(40, 49)",1
"(43, 44)",0
"(8, 26)",0
"(11, 7)",1
"(14, 16)",0
"(36, 5)",1
"(39, 56)",0
"(26, 31)",1
"(48, 0)",0
"(12, 30)",1
"(51, 13)",1
"(15, 51)",1
"(19, 52)",0
"(2, 4)",0
"(24, 41)",1
"(5, 9)",1
"(27, 52)",0
"(47, 57)",1
"(30, 3)",1
"(52, 52)",0
"(56, 47)",1
"(55, 9)",1
"(20, 29)",1
"(42, 14)",1
"(23, 32)",0
"(6, 24)",0
"(28, 45)",1
"(32, 40)",0
"(31, 32)",0
"(35, 37)",1
"(18, 23)",1
"(57, 16)",0
"(40, 56)",0
"(43, 37)",1
"(8, 1)",1
"(7, 59)",1
"(33, 15)",1
"(14, 27)",0
"(36, 12)",0
"(39, 49)",1
"(48, 7)",1
"(12, 21)",1
"(51, 18)",1
"(15, 56)",0
"(2, 31)",1
"(24, 48)",0
"(27, 13)",1
"(49, 24)",0
"(30, 10)",1
"(52, 51)",1
"(0, 41)",1
"(56, 54)",1
"(55, 6)",1
"(20, 36)",0
"(3, 36)",0
"(42, 9)",1
"(23, 57)",1
"(6, 19)",1
"(28, 36)",0
"(32, 47)",1
"(31, 41)",1
"(35, 42)",1
"(18, 14)",1
"(57, 25)",0
"(21, 3)",1
"(43, 26)",0
"(8, 8)",0
"(7, 48)",0
"(11, 53)",1
"(33, 0)",0
"(16, 56)",0
"(36, 11)",1
"(39, 46)",1
"(44, 59)",1
"(12, 12)",0
"(51, 27)",0
"(15, 1)",1
"(37, 20)",0
"(2, 22)",1
"(24, 55)",1
"(27, 2)",1
"(49, 17)",1
"(30, 13)",1
"(52, 58)",1
"(0, 32)",0
"(55, 31)",1
"(20, 35)",1
"(3, 45)",1
"(23, 54)",1
"(6, 10)",1
"(28, 35)",1
"(32, 38)",1
"(31, 22)",1
"(53, 37)",1
"(18, 9)",1
"(57, 34)",1
"(40, 38)",1
"(21, 12)",0
"(4, 52)",0
"(43, 19)",1
"(8, 15)",1
"(7, 41)",1
"(11, 42)",1
"(33, 25)",1
"(36, 50)",1
"(58, 3)",1
"(39, 39)",1
"(44, 50)",1
"(9, 16)",0
"(48, 53)",1
"(12, 11)",1
"(15, 14)",1
"(37, 29)",1
"(2, 17)",1
"(27, 27)",0
"(49, 10)",1
"(52, 1)",1
"(0, 39)",1
"(55, 20)",0
"(20, 42)",1
"(3, 18)",1
"(25, 33)",1
"(6, 13)",1
"(28, 58)",1
"(31, 31)",1
"(53, 46)",1
"(18, 0)",0
"(57, 43)",1
"(40, 45)",1
"(21, 21)",1
"(4, 51)",1
"(43, 8)",0
"(8, 54)",1
"(7, 38)",1
"(46, 7)",1
"(11, 35)",1
"(33, 18)",1
"(16, 54)",1
"(36, 57)",1
"(58, 10)",1
"(41, 50)",1
"(44, 41)",1
"(9, 25)",0
"(48, 44)",0
"(12, 2)",1
"(15, 23)",1
"(37, 6)",1
"(24, 5)",1
"(27, 16)",0
"(49, 3)",1
"(13, 29)",1
"(52, 8)",0
"(20, 49)",1
"(3, 27)",1
"(25, 42)",1
"(6, 4)",0
"(28, 49)",1
"(32, 52)",0
"(31, 4)",0
"(53, 55)",1
"(57, 44)",0
"(40, 20)",0
"(21, 30)",1
"(4, 58)",1
"(43, 1)",1
"(7, 31)",1
"(46, 14)",1
"(29, 46)",1
"(33, 43)",1
"(16, 45)",1
"(36, 32)",0
"(58, 21)",1
"(41, 59)",1
"(44, 32)",0
"(9, 2)",1
"(48, 35)",1
"(12, 57)",1
"(34, 10)",1
"(15, 28)",0
"(37, 15)",1
"(24, 12)",0
"(49, 4)",0
"(13, 22)",1
"(52, 23)",1
"(0, 53)",1
"(20, 56)",0
"(3, 0)",0
"(25, 51)",1
"(28, 8)",0
"(50, 29)",1
"(31, 13)",1
"(53, 48)",0
"(1, 42)",1
"(57, 53)",1
"(40, 27)",0
"(21, 39)",1
"(4, 33)",1
"(43, 6)",1
"(8, 36)",0
"(7, 20)",0
"(46, 17)",1
"(29, 39)",1
"(33, 44)",0
"(16, 36)",0
"(36, 47)",1
"(58, 28)",0
"(22, 14)",1
"(44, 31)",1
"(9, 11)",1
"(12, 48)",0
"(34, 5)",1
"(17, 59)",1
"(37, 8)",0
"(24, 19)",1
"(45, 56)",0
"(13, 15)",1
"(52, 30)",1
"(0, 12)",0
"(38, 25)",1
"(3, 9)",1
"(25, 52)",0
"(28, 7)",1
"(50, 20)",0
"(31, 10)",1
"(53, 57)",1
"(1, 35)",1
"(40, 2)",1
"(21, 32)",0
"(4, 40)",0
"(8, 43)",1
"(7, 13)",1
"(46, 24)",0
"(29, 32)",0
"(33, 37)",1
"(16, 27)",0
"(54, 40)",0
"(58, 39)",1
"(41, 37)",1
"(22, 1)",1
"(5, 55)",1
"(44, 22)",1
"(9, 12)",0
"(12, 47)",1
"(34, 28)",0
"(37, 49)",1
"(59, 12)",0
"(24, 26)",1
"(45, 49)",1
"(10, 21)",1
"(49, 54)",1
"(13, 8)",0
"(0, 3)",1
"(38, 16)",0
"(3, 14)",1
"(28, 30)",1
"(50, 15)",1
"(53, 2)",1
"(1, 36)",0
"(40, 9)",1
"(21, 41)",1
"(4, 23)",1
"(26, 36)",0
"(7, 10)",1
"(46, 35)",1
"(29, 57)",1
"(16, 18)",1
"(54, 35)",1
"(58, 46)",1
"(41, 46)",1
"(22, 24)",0
"(5, 48)",0
"(44, 13)",1
"(9, 53)",1
"(47, 0)",0
"(12, 38)",1
"(34, 23)",1
"(17, 53)",1
"(37, 58)",1
"(59, 5)",1
"(42, 55)",1
"(45, 42)",1
"(10, 28)",0
"(49, 47)",1
"(13, 1)",1
"(0, 26)",0
"(38, 11)",1
"(25, 6)",1
"(28, 21)",1
"(50, 6)",1
"(14, 32)",0
"(53, 11)",1
"(21, 50)",1
"(4, 30)",1
"(26, 47)",1
"(7, 3)",1
"(46, 42)",1
"(29, 50)",1
"(33, 55)",1
"(16, 9)",1
"(54, 58)",1
"(19, 4)",0
"(58, 41)",1
"(41, 23)",1
"(22, 19)",1
"(5, 57)",1
"(44, 4)",0
"(47, 9)",1
"(30, 51)",1
"(34, 46)",1
"(17, 46)",1
"(37, 35)",1
"(59, 26)",1
"(45, 35)",1
"(10, 7)",1
"(49, 32)",0
"(13, 58)",1
"(35, 21)",1
"(0, 17)",1
"(38, 2)",1
"(25, 15)",1
"(50, 1)",1
"(14, 43)",1
"(53, 20)",0
"(1, 54)",1
"(21, 59)",1
"(4, 5)",1
"(26, 54)",1
"(46, 45)",1
"(29, 11)",1
"(51, 34)",1
"(16, 0)",0
"(19, 13)",1
"(2, 47)",1
"(58, 48)",0
"(41, 24)",0
"(22, 42)",1
"(5, 34)",1
"(44, 3)",1
"(9, 39)",1
"(47, 22)",1
"(30, 58)",1
"(34, 41)",1
"(17, 39)",1
"(56, 6)",1
"(37, 44)",0
"(59, 19)",1
"(42, 57)",1
"(23, 9)",1
"(45, 28)",0
"(10, 14)",1
"(13, 51)",1
"(35, 26)",0
"(38, 5)",1
"(25, 16)",0
"(50, 56)",0
"(14, 50)",1
"(53, 29)",1
"(1, 15)",1
"(39, 30)",1
"(4, 12)",0
"(26, 49)",1
"(46, 52)",0
"(29, 4)",0
"(51, 43)",1
"(16, 7)",1
"(54, 52)",0
"(19, 18)",1
"(2, 38)",1
"(58, 59)",1
"(41, 1)",1
"(22, 45)",1
"(5, 43)",1
"(9, 40)",0
"(47, 31)",1
"(34, 32)",0
"(17, 24)",0
"(56, 13)",1
"(55, 47)",1
"(59, 40)",0
"(42, 32)",0
"(23, 6)",1
"(6, 58)",1
"(45, 21)",1
"(10, 9)",1
"(13, 44)",0
"(35, 3)",1
"(18, 57)",1
"(25, 25)",0
"(11, 26)",0
"(50, 51)",1
"(14, 53)",1
"(1, 0)",0
"(39, 23)",1
"(4, 11)",1
"(26, 56)",0
"(29, 29)",1
"(51, 48)",0
"(54, 15)",1
"(19, 27)",0
"(2, 33)",1
"(41, 10)",1
"(22, 36)",0
"(5, 20)",0
"(27, 43)",1
"(47, 36)",0
"(30, 36)",0
"(34, 59)",1
"(17, 17)",1
"(56, 20)",0
"(55, 36)",0
"(59, 33)",1
"(42, 43)",1
"(23, 31)",1
"(45, 14)",1
"(10, 48)",0
"(32, 13)",1
"(13, 37)",1
"(35, 8)",0
"(18, 48)",0
"(38, 55)",1
"(43, 56)",0
"(11, 19)",1
"(50, 42)",1
"(1, 25)",0
"(39, 12)",0
"(26, 3)",1
"(48, 28)",0
"(29, 22)",1
"(51, 57)",1
"(15, 39)",1
"(54, 6)",1
"(19, 32)",0
"(2, 56)",0
"(5, 29)",1
"(27, 32)",0
"(47, 45)",1
"(30, 47)",1
"(34, 50)",1
"(17, 10)",1
"(56, 27)",0
"(20, 1)",1
"(59, 38)",1
"(42, 18)",1
"(23, 20)",0
"(6, 52)",0
"(45, 7)",1
"(10, 59)",1
"(32, 4)",0
"(31, 52)",0
"(35, 49)",1
"(18, 43)",1
"(38, 46)",1
"(43, 49)",1
"(11, 8)",0
"(50, 37)",1
"(14, 7)",1
"(36, 16)",0
"(1, 18)",1
"(39, 5)",1
"(26, 10)",1
"(48, 19)",1
"(15, 44)",0
"(54, 25)",0
"(19, 41)",1
"(2, 51)",1
"(22, 54)",1
"(5, 6)",1
"(27, 57)",1
"(47, 42)",1
"(30, 22)",1
"(52, 39)",1
"(17, 3)",1
"(56, 34)",1
"(55, 58)",1
"(20, 8)",0
"(3, 48)",0
"(42, 29)",1
"(23, 45)",1
"(6, 47)",1
"(45, 0)",0
"(10, 34)",1
"(32, 27)",0
"(35, 54)",1
"(18, 34)",1
"(57, 5)",1
"(38, 33)",1
"(43, 54)",1
"(8, 20)",0
"(11, 1)",1
"(14, 14)",1
"(36, 31)",1
"(39, 2)",1
"(26, 21)",1
"(48, 10)",1
"(51, 7)",1
"(15, 53)",1
"(54, 16)",0
"(19, 46)",1
"(2, 10)",1
"(24, 35)",1
"(5, 15)",1
"(47, 51)",1
"(30, 25)",0
"(52, 46)",1
"(17, 4)",0
"(56, 41)",1
"(55, 51)",1
"(20, 23)",1
"(3, 57)",1
"(59, 52)",0
"(42, 4)",0
"(23, 42)",1
"(6, 38)",1
"(10, 45)",1
"(32, 18)",1
"(31, 58)",1
"(18, 29)",1
"(57, 14)",1
"(40, 50)",1
"(43, 47)",1
"(8, 27)",1
"(11, 6)",1
"(14, 17)",1
"(36, 6)",1
"(39, 59)",1
"(26, 28)",0
"(48, 1)",1
"(12, 31)",1
"(51, 12)",0
"(15, 50)",1
"(19, 55)",1
"(2, 5)",1
"(24, 42)",1
"(5, 8)",0
"(27, 55)",1
"(47, 56)",0
"(30, 0)",0
"(52, 53)",1
"(56, 48)",0
"(55, 8)",0
"(20, 30)",1
"(42, 15)",1
"(23, 35)",1
"(6, 25)",0
"(28, 46)",1
"(32, 41)",1
"(31, 35)",1
"(35, 36)",0
"(18, 20)",0
"(57, 23)",1
"(40, 57)",1
"(43, 36)",0
"(8, 2)",1
"(7, 58)",1
"(33, 14)",1
"(14, 24)",0
"(36, 13)",1
"(39, 48)",0
"(48, 56)",0
"(12, 22)",1
"(51, 21)",1
"(15, 59)",1
"(2, 28)",0
"(24, 49)",1
"(27, 12)",0
"(49, 31)",1
"(30, 11)",1
"(0, 42)",1
"(56, 55)",1
"(55, 1)",1
"(20, 37)",1
"(3, 39)",1
"(23, 56)",0
"(6, 16)",0
"(28, 37)",1
"(32, 32)",0
"(31, 40)",0
"(35, 45)",1
"(18, 15)",1
"(57, 24)",0
"(40, 32)",0
"(21, 2)",1
"(43, 29)",1
"(8, 9)",1
"(7, 51)",1
"(11, 52)",0
"(33, 7)",1
"(16, 57)",1
"(36, 52)",0
"(39, 41)",1
"(44, 52)",0
"(12, 13)",1
"(51, 26)",0
"(15, 0)",0
"(37, 19)",1
"(2, 23)",1
"(24, 56)",0
"(27, 5)",1
"(49, 16)",0
"(52, 59)",1
"(0, 33)",1
"(55, 30)",1
"(20, 44)",0
"(3, 44)",0
"(23, 49)",1
"(6, 11)",1
"(32, 39)",1
"(31, 17)",1
"(53, 36)",0
"(18, 6)",1
"(57, 33)",1
"(40, 39)",1
"(21, 11)",1
"(4, 53)",1
"(43, 18)",1
"(8, 48)",0
"(7, 40)",0
"(11, 45)",1
"(33, 24)",0
"(16, 48)",0
"(36, 51)",1
"(58, 0)",0
"(39, 38)",1
"(44, 51)",1
"(9, 23)",1
"(48, 54)",1
"(12, 4)",0
"(15, 9)",1
"(37, 28)",0
"(27, 26)",1
"(49, 9)",1
"(52, 2)",1
"(0, 56)",0
"(55, 23)",1
"(20, 43)",1
"(3, 21)",1
"(25, 32)",0
"(6, 2)",1
"(28, 59)",1
"(31, 30)",1
"(53, 45)",1
"(18, 1)",1
"(57, 42)",1
"(40, 46)",1
"(21, 20)",0
"(43, 11)",1
"(8, 55)",1
"(7, 33)",1
"(46, 4)",0
"(11, 34)",1
"(33, 17)",1
"(16, 55)",1
"(36, 58)",1
"(58, 11)",1
"(41, 49)",1
"(44, 42)",1
"(9, 24)",0
"(48, 45)",1
"(12, 3)",1
"(15, 22)",1
"(37, 5)",1
"(24, 6)",1
"(27, 19)",1
"(49, 2)",1
"(13, 28)",0
"(52, 9)",1
"(20, 50)",1
"(3, 26)",1
"(25, 41)",1
"(6, 5)",1
"(28, 50)",1
"(32, 53)",1
"(31, 7)",1
"(53, 54)",1
"(57, 51)",1
"(40, 21)",1
"(21, 29)",1
"(4, 59)",1
"(43, 0)",0
"(7, 30)",1
"(46, 15)",1
"(29, 45)",1
"(33, 42)",1
"(16, 46)",1
"(36, 33)",1
"(58, 18)",1
"(41, 58)",1
"(44, 33)",1
"(9, 1)",1
"(48, 36)",0
"(12, 58)",1
"(34, 11)",1
"(15, 31)",1
"(37, 14)",1
"(24, 13)",1
"(49, 59)",1
"(13, 21)",1
"(52, 16)",0
"(0, 54)",1
"(20, 57)",1
"(3, 3)",1
"(25, 50)",1
"(28, 9)",1
"(50, 26)",0
"(31, 12)",0
"(1, 41)",1
"(57, 52)",0
"(40, 28)",0
"(21, 38)",1
"(4, 34)",1
"(8, 37)",1
"(7, 23)",1
"(46, 22)",1
"(29, 38)",1
"(33, 35)",1
"(16, 37)",1
"(36, 40)",0
"(58, 29)",1
"(41, 35)",1
"(22, 15)",1
"(44, 24)",0
"(9, 10)",1
"(12, 49)",1
"(34, 2)",1
"(17, 58)",1
"(37, 55)",1
"(24, 20)",0
"(45, 55)",1
"(13, 14)",1
"(52, 31)",1
"(0, 13)",1
"(38, 30)",1
"(3, 8)",0
"(25, 59)",1
"(28, 0)",0
"(50, 21)",1
"(53, 56)",0
"(1, 34)",1
"(40, 3)",1
"(21, 47)",1
"(4, 41)",1
"(8, 44)",0
"(7, 12)",0
"(46, 25)",0
"(33, 36)",0
"(16, 28)",0
"(54, 41)",1
"(58, 36)",0
"(41, 36)",0
"(22, 6)",1
"(5, 54)",1
"(44, 23)",1
"(9, 51)",1
"(12, 40)",0
"(34, 29)",1
"(17, 51)",1
"(37, 48)",0
"(59, 15)",1
"(24, 27)",0
"(45, 48)",0
"(10, 18)",1
"(49, 53)",1
"(13, 7)",1
"(0, 4)",0
"(38, 17)",1
"(28, 31)",1
"(50, 12)",0
"(53, 1)",1
"(1, 59)",1
"(40, 10)",1
"(21, 40)",0
"(4, 16)",0
"(26, 37)",1
"(7, 5)",1
"(46, 32)",0
"(29, 56)",0
"(16, 19)",1
"(54, 32)",0
"(58, 47)",1
"(41, 45)",1
"(22, 25)",0
"(44, 14)",1
"(9, 52)",0
"(47, 3)",1
"(12, 39)",1
"(34, 20)",0
"(17, 52)",0
"(37, 57)",1
"(59, 4)",0
"(42, 52)",0
"(45, 41)",1
"(10, 29)",1
"(49, 46)",1
"(13, 0)",0
"(0, 27)",0
"(38, 8)",0
"(25, 5)",1
"(28, 22)",1
"(50, 7)",1
"(14, 33)",1
"(53, 10)",1
"(21, 49)",1
"(4, 31)",1
"(26, 44)",0
"(7, 2)",1
"(46, 43)",1
"(29, 49)",1
"(33, 54)",1
"(16, 10)",1
"(54, 59)",1
"(19, 7)",1
"(58, 54)",1
"(41, 22)",1
"(22, 16)",0
"(5, 56)",0
"(44, 5)",1
"(47, 8)",0
"(30, 48)",0
"(34, 47)",1
"(17, 45)",1
"(56, 0)",0
"(37, 34)",1
"(59, 29)",1
"(45, 34)",1
"(10, 4)",0
"(49, 39)",1
"(13, 57)",1
"(35, 20)",0
"(0, 18)",1
"(38, 3)",1
"(25, 14)",1
"(14, 40)",0
"(53, 19)",1
"(1, 53)",1
"(21, 58)",1
"(4, 6)",1
"(26, 55)",1
"(46, 50)",1
"(29, 10)",1
"(51, 37)",1
"(16, 1)",1
"(54, 50)",1
"(19, 12)",0
"(2, 44)",0
"(58, 49)",1
"(41, 31)",1
"(22, 43)",1
"(5, 33)",1
"(9, 38)",1
"(47, 17)",1
"(30, 59)",1
"(34, 38)",1
"(17, 38)",1
"(56, 7)",1
"(37, 43)",1
"(59, 18)",1
"(42, 38)",1
"(23, 8)",0
"(45, 27)",0
"(10, 15)",1
"(13, 50)",1
"(35, 29)",1
"(38, 58)",1
"(25, 23)",1
"(50, 57)",1
"(14, 51)",1
"(53, 28)",0
"(1, 14)",1
"(39, 25)",0
"(4, 13)",1
"(46, 53)",1
"(29, 3)",1
"(51, 42)",1
"(54, 53)",1
"(19, 21)",1
"(2, 39)",1
"(58, 56)",0
"(41, 0)",0
"(22, 34)",1
"(5, 42)",1
"(9, 47)",1
"(47, 30)",1
"(30, 34)",1
"(34, 33)",1
"(17, 31)",1
"(56, 14)",1
"(55, 46)",1
"(59, 43)",1
"(42, 33)",1
"(23, 1)",1
"(6, 59)",1
"(45, 20)",0
"(10, 54)",1
"(13, 43)",1
"(35, 2)",1
"(18, 54)",1
"(25, 24)",0
"(11, 29)",1
"(50, 48)",0
"(14, 58)",1
"(1, 7)",1
"(39, 22)",1
"(26, 57)",1
"(29, 28)",0
"(51, 51)",1
"(54, 12)",0
"(19, 26)",1
"(41, 9)",1
"(22, 37)",1
"(5, 19)",1
"(27, 42)",1
"(47, 39)",1
"(30, 37)",1
"(34, 56)",0
"(17, 16)",0
"(56, 21)",1
"(55, 39)",1
"(59, 32)",0
"(42, 40)",0
"(23, 30)",1
"(6, 50)",1
"(45, 13)",1
"(10, 49)",1
"(32, 14)",1
"(13, 36)",0
"(35, 11)",1
"(18, 49)",1
"(38, 52)",0
"(43, 59)",1
"(11, 18)",1
"(50, 43)",1
"(1, 24)",0
"(39, 15)",1
"(26, 0)",0
"(48, 29)",1
"(29, 21)",1
"(51, 56)",0
"(15, 38)",1
"(54, 7)",1
"(19, 35)",1
"(2, 57)",1
"(5, 28)",0
"(27, 35)",1
"(47, 44)",0
"(30, 44)",0
"(34, 51)",1
"(17, 9)",1
"(56, 28)",0
"(20, 2)",1
"(59, 57)",1
"(42, 19)",1
"(23, 23)",1
"(6, 53)",1
"(45, 6)",1
"(10, 56)",0
"(32, 5)",1
"(31, 55)",1
"(35, 48)",0
"(18, 40)",0
"(57, 3)",1
"(38, 47)",1
"(43, 48)",0
"(11, 11)",1
"(50, 34)",1
"(14, 4)",0
"(36, 17)",1
"(1, 17)",1
"(39, 4)",0
"(26, 11)",1
"(48, 20)",0
"(51, 1)",1
"(15, 47)",1
"(54, 30)",1
"(19, 40)",0
"(2, 48)",0
"(22, 55)",1
"(5, 5)",1
"(27, 56)",0
"(47, 53)",1
"(30, 23)",1
"(52, 32)",0
"(17, 2)",1
"(56, 35)",1
"(55, 53)",1
"(20, 9)",1
"(3, 51)",1
"(42, 26)",1
"(23, 44)",0
"(6, 44)",0
"(10, 35)",1
"(32, 28)",0
"(35, 57)",1
"(18, 35)",1
"(57, 4)",0
"(38, 38)",1
"(43, 41)",1
"(8, 21)",1
"(11, 0)",0
"(14, 15)",1
"(36, 24)",0
"(26, 18)",1
"(48, 11)",1
"(51, 6)",1
"(15, 52)",0
"(54, 17)",1
"(19, 49)",1
"(2, 11)",1
"(24, 36)",0
"(5, 14)",1
"(27, 49)",1
"(47, 50)",1
"(30, 30)",1
"(52, 47)",1
"(56, 42)",1
"(55, 50)",1
"(20, 16)",0
"(3, 56)",0
"(59, 55)",1
"(42, 5)",1
"(23, 37)",1
"(6, 39)",1
"(10, 42)",1
"(32, 19)",1
"(31, 37)",1
"(18, 26)",0
"(57, 13)",1
"(40, 51)",1
"(43, 46)",1
"(8, 28)",0
"(11, 57)",1
"(14, 22)",1
"(36, 7)",1
"(39, 58)",1
"(26, 29)",1
"(48, 2)",1
"(12, 24)",0
"(51, 15)",1
"(19, 54)",1
"(2, 2)",1
"(24, 43)",1
"(27, 54)",1
"(47, 59)",1
"(30, 1)",1
"(52, 54)",1
"(56, 49)",1
"(55, 11)",1
"(20, 31)",1
"(3, 33)",1
"(42, 12)",0
"(23, 34)",1
"(6, 30)",1
"(28, 47)",1
"(32, 42)",1
"(31, 34)",1
"(35, 39)",1
"(18, 21)",1
"(57, 22)",1
"(40, 58)",1
"(43, 39)",1
"(8, 3)",1
"(7, 53)",1
"(33, 13)",1
"(14, 25)",0
"(36, 14)",1
"(39, 51)",1
"(48, 57)",1
"(12, 23)",1
"(51, 20)",0
"(15, 58)",1
"(2, 29)",1
"(24, 50)",1
"(27, 15)",1
"(49, 30)",1
"(30, 8)",0
"(0, 43)",1
"(56, 56)",0
"(55, 0)",0
"(20, 38)",1
"(3, 38)",1
"(23, 59)",1
"(6, 17)",1
"(28, 38)",1
"(32, 33)",1
"(31, 43)",1
"(35, 44)",0
"(18, 12)",0
"(57, 31)",1
"(40, 33)",1
"(21, 1)",1
"(43, 28)",0
"(8, 10)",1
"(7, 50)",1
"(11, 55)",1
"(33, 6)",1
"(16, 58)",1
"(36, 53)",1
"(58, 6)",1
"(39, 40)",0
"(44, 53)",1
"(48, 48)",0
"(12, 14)",1
"(51, 29)",1
"(15, 3)",1
"(37, 18)",1
"(2, 20)",0
"(24, 57)",1
"(27, 4)",0
"(49, 23)",1
"(52, 4)",0
"(0, 34)",1
"(55, 25)",0
"(20, 45)",1
"(3, 47)",1
"(23, 48)",0
"(6, 8)",0
"(32, 56)",0
"(31, 16)",0
"(53, 35)",1
"(18, 7)",1
"(57, 32)",0
"(40, 40)",0
"(21, 10)",1
"(4, 54)",1
"(43, 21)",1
"(8, 49)",1
"(7, 43)",1
"(46, 2)",1
"(11, 44)",0
"(33, 31)",1
"(16, 49)",1
"(58, 1)",1
"(39, 33)",1
"(44, 44)",0
"(9, 22)",1
"(48, 55)",1
"(12, 5)",1
"(15, 8)",0
"(37, 27)",0
"(24, 0)",0
"(27, 29)",1
"(49, 8)",0
"(52, 3)",1
"(0, 57)",1
"(55, 22)",1
"(20, 52)",0
"(3, 20)",0
"(25, 39)",1
"(6, 3)",1
"(28, 52)",0
"(31, 25)",0
"(53, 44)",0
"(57, 41)",1
"(40, 47)",1
"(21, 19)",1
"(43, 10)",1
"(8, 56)",0
"(7, 32)",0
"(46, 5)",1
"(11, 37)",1
"(33, 16)",0
"(16, 40)",0
"(36, 59)",1
"(58, 8)",0
"(41, 48)",0
"(44, 43)",1
"(9, 31)",1
"(48, 46)",1
"(15, 17)",1
"(37, 4)",0
"(24, 7)",1
"(27, 18)",1
"(49, 1)",1
"(13, 27)",1
"(52, 10)",1
"(0, 48)",0
"(20, 51)",1
"(3, 29)",1
"(25, 40)",0
"(28, 51)",1
